日期,开盘,收盘,最高,最低,成交量,成交额,振幅,涨跌幅,涨跌额,换手率
2021-01-04,21.6,22.09,22.23,21.46,111705,51038810.0,3.59,3.13,0.67,1.94
2021-01-05,22.09,21.73,22.23,21.55,102004,46339662.0,3.08,-1.63,-0.36,1.78
2021-01-06,21.64,20.97,21.73,20.88,120782,53089166.0,3.91,-3.5,-0.76,2.1
2021-01-07,21.06,20.92,21.46,20.47,194569,84944108.0,4.72,-0.24,-0.05,3.39
2021-01-08,21.06,22.9,22.9,19.98,193558,86788008.0,13.96,9.46,1.98,3.37
2021-01-18,24.16,22.68,24.16,22.63,320728,155997878.0,6.68,-0.96,-0.22,5.58
2021-01-19,22.68,22.86,23.17,22.41,152452,72959814.0,3.35,0.79,0.18,2.65
2021-01-20,22.9,22.45,22.9,22.14,114906,53737480.0,3.32,-1.79,-0.41,2.0
2021-01-21,22.36,22.68,23.22,21.91,155716,73655656.0,5.84,1.02,0.23,2.71
2021-01-22,22.5,22.05,22.5,21.91,104582,48183653.0,2.6,-2.78,-0.63,1.82
2021-01-25,22.0,21.06,22.0,20.88,118226,52311834.0,5.08,-4.49,-0.99,2.06
2021-01-26,21.15,21.06,21.46,20.92,73073,32152633.0,2.56,0.0,0.0,1.27
2021-01-27,21.15,20.92,21.33,20.79,73709,32201612.0,2.56,-0.66,-0.14,1.28
2021-01-28,20.92,21.1,21.42,20.79,94206,41489322.0,3.01,0.86,0.18,1.64
2021-01-29,21.01,20.65,21.1,20.11,92522,39456579.0,4.69,-2.13,-0.45,1.61
2021-02-01,19.75,19.62,20.47,19.3,128504,52597053.0,5.67,-4.99,-1.03,2.24
2021-02-02,19.62,19.57,19.84,19.35,60823,24612423.0,2.5,-0.25,-0.05,1.06
2021-02-03,19.48,18.9,19.62,18.72,120556,47545976.0,4.6,-3.42,-0.67,2.1
2021-02-04,18.9,18.49,18.9,18.18,87999,33505006.0,3.81,-2.17,-0.41,1.53
2021-02-05,18.63,18.76,19.17,18.36,61203,23582722.0,4.38,1.46,0.27,1.07
2021-02-08,18.81,18.45,18.9,18.27,78633,29972018.0,3.36,-1.65,-0.31,1.37
2021-02-09,18.36,18.31,18.49,17.91,82725,30922947.0,3.14,-0.76,-0.14,1.44
2021-02-10,18.31,18.4,18.81,18.27,61244,23362181.0,2.95,0.49,0.09,1.07
2021-02-18,18.81,18.99,19.17,18.67,86381,33733916.0,2.72,3.21,0.59,1.5
2021-02-19,19.03,19.75,19.8,18.99,87039,35059533.0,4.27,4.0,0.76,1.52
2021-02-22,19.89,20.25,21.28,19.84,161819,68835397.0,7.29,2.53,0.5,2.82
2021-02-23,20.25,20.11,20.61,19.93,82226,34457971.0,3.36,-0.69,-0.14,1.43
2021-02-24,20.16,20.29,20.52,20.02,66906,28135245.0,2.49,0.9,0.18,1.16
2021-02-25,20.34,19.93,20.38,19.8,66137,27365132.0,2.86,-1.77,-0.36,1.15
2021-02-26,19.75,20.11,20.38,19.66,62689,26107200.0,3.61,0.9,0.18,1.09
2021-03-01,20.07,20.38,20.56,20.02,63504,26748679.0,2.69,1.34,0.27,1.11
2021-03-02,20.47,20.29,20.56,20.11,51836,21832934.0,2.21,-0.44,-0.09,0.9
2021-03-03,20.07,20.61,20.83,20.07,69444,29327422.0,3.75,1.58,0.32,1.21
2021-03-04,20.47,20.7,20.97,20.38,59025,25166920.0,2.86,0.44,0.09,1.03
2021-03-05,20.65,20.74,20.79,20.34,75981,32520165.0,2.17,0.19,0.04,1.32
2021-03-08,20.74,20.7,21.1,20.47,90199,38928111.0,3.04,-0.19,-0.04,1.57
2021-03-09,20.7,20.16,20.7,19.75,95877,40026491.0,4.59,-2.61,-0.54,1.67
2021-03-10,20.2,19.71,20.29,19.62,59130,24363135.0,3.32,-2.23,-0.45,1.03
2021-03-11,20.11,20.02,20.56,19.57,106019,43647621.0,5.02,1.57,0.31,1.85
2021-03-12,19.93,19.84,19.98,19.62,61140,25073084.0,1.8,-0.9,-0.18,1.06
2021-03-15,19.84,19.8,20.11,19.57,60389,24780611.0,2.72,-0.2,-0.04,1.05
2021-03-16,19.75,20.52,20.56,19.75,97136,40721112.0,4.09,3.64,0.72,1.69
2021-03-17,20.52,20.61,20.79,20.29,69455,29662436.0,2.44,0.44,0.09,1.21
2021-03-18,20.7,20.34,20.79,20.34,51536,21889361.0,2.18,-1.31,-0.27,0.9
2021-03-19,20.25,20.65,20.7,20.07,64583,27457237.0,3.1,1.52,0.31,1.12
2021-03-22,20.56,22.59,22.59,20.47,147507,65855135.0,10.27,9.39,1.94,2.57
2021-03-23,23.76,24.7,24.7,22.9,258428,130044857.0,7.97,9.34,2.11,4.5
2021-03-24,25.87,25.65,27.04,25.42,1407734,794456208.0,6.56,3.85,0.95,24.5
2021-03-25,23.22,23.8,25.6,23.22,1150702,570226784.0,9.28,-7.21,-1.85,20.03
2021-03-26,23.04,23.31,23.53,22.5,694558,335196112.0,4.33,-2.06,-0.49,12.09
2021-03-29,23.04,23.26,23.71,22.45,516286,248056029.0,5.41,-0.21,-0.05,8.99
2021-03-30,23.04,22.09,23.13,21.82,379669,176551700.0,5.63,-5.03,-1.17,6.61
2021-03-31,22.05,22.18,22.45,21.73,261090,120841721.0,3.26,0.41,0.09,4.54
2021-04-01,21.82,21.91,22.36,21.42,287155,130783262.0,4.24,-1.22,-0.27,5.0
2021-04-02,21.91,22.0,22.27,21.78,203809,93565202.0,2.24,0.41,0.09,3.55
2021-04-06,22.05,22.5,22.68,21.78,256486,119601093.0,4.09,2.27,0.5,4.46
2021-04-07,22.27,22.45,22.54,22.09,226132,105253138.0,2.0,-0.22,-0.05,3.94
2021-04-08,22.36,21.42,22.36,21.37,293087,132888434.0,4.41,-4.59,-1.03,5.1
2021-04-09,21.15,21.46,21.64,21.15,139732,62302776.0,2.29,0.19,0.04,2.43
2021-04-12,21.37,21.64,21.69,21.06,158812,70874041.0,2.94,0.84,0.18,2.76
2021-04-13,21.69,21.46,21.91,21.37,137412,61905907.0,2.5,-0.83,-0.18,2.39
2021-04-14,21.19,20.74,21.37,20.43,228455,98255912.0,4.38,-3.36,-0.72,3.98
2021-04-15,20.79,20.29,20.88,20.29,161148,68761084.0,2.84,-2.17,-0.45,2.81
2021-04-16,20.29,22.18,22.18,20.2,220483,98101885.0,9.76,9.31,1.89,3.84
2021-04-19,22.59,21.96,22.72,21.82,388245,179764152.0,4.06,-0.99,-0.22,6.76
2021-04-20,21.96,21.64,22.32,21.55,231239,105466748.0,3.51,-1.46,-0.32,4.03
2021-04-21,21.6,21.42,21.82,21.19,173150,77314064.0,2.91,-1.02,-0.22,3.01
2021-04-22,21.42,21.51,22.18,21.33,180283,81827711.0,3.97,0.42,0.09,3.14
2021-04-23,21.51,20.83,21.55,20.83,149470,65297581.0,3.35,-3.16,-0.68,2.6
2021-04-26,20.79,20.47,21.06,20.47,107243,46285355.0,2.83,-1.73,-0.36,1.87
2021-04-27,20.43,20.56,20.88,20.34,102445,43873107.0,2.64,0.44,0.09,1.78
2021-04-28,20.52,20.79,20.79,20.29,84421,36085923.0,2.43,1.12,0.23,1.44
2021-04-29,20.88,20.92,21.1,20.61,103695,45005539.0,2.36,0.63,0.13,1.77
2021-04-30,20.97,20.11,20.97,19.84,162870,68258684.0,5.4,-3.87,-0.81,2.79
2021-05-06,20.02,20.02,20.29,19.93,75480,31465383.0,1.79,-0.45,-0.09,1.29
2021-05-07,20.16,20.29,20.79,19.98,100712,42445191.0,4.05,1.35,0.27,1.72
2021-05-10,20.34,20.52,20.79,20.16,95727,40725567.0,3.1,1.13,0.23,1.64
2021-05-11,20.47,20.83,21.55,20.38,141674,61630872.0,5.7,1.51,0.31,2.42
2021-05-12,20.61,21.1,21.15,20.52,102127,44423308.0,3.02,1.3,0.27,1.75
2021-05-13,20.97,21.06,21.46,20.88,126678,55738423.0,2.75,-0.19,-0.04,2.17
2021-05-14,21.06,21.91,22.14,21.01,281244,126625060.0,5.37,4.04,0.85,4.81
2021-05-17,21.91,21.1,21.91,20.97,203070,89715487.0,4.29,-3.7,-0.81,3.47
2021-05-18,21.01,21.51,21.73,20.79,170379,75704775.0,4.45,1.94,0.41,2.91
2021-05-19,21.46,21.37,21.73,21.24,103213,46115863.0,2.28,-0.65,-0.14,1.77
2021-05-20,21.06,20.25,21.15,20.16,224926,95944486.0,4.63,-5.24,-1.12,3.85
2021-05-21,20.29,20.25,20.7,20.16,103636,43855679.0,2.67,0.0,0.0,1.77
2021-05-24,20.2,20.52,20.65,20.16,101622,43143963.0,2.42,1.33,0.27,1.74
2021-05-25,20.47,21.33,21.37,20.38,224234,97723885.0,4.82,3.95,0.81,3.84
2021-05-26,21.33,21.15,21.51,21.06,141124,62354342.0,2.11,-0.84,-0.18,2.41
2021-05-27,21.01,20.97,21.24,20.88,125858,55034662.0,1.7,-0.85,-0.18,2.15
2021-05-28,20.97,20.7,21.15,20.52,114077,49126161.0,3.0,-1.29,-0.27,1.95
2021-05-31,20.79,22.63,22.63,20.79,158800,73466113.0,8.89,9.32,1.93,2.72
2021-06-01,22.63,22.9,24.12,22.05,611248,293200176.0,9.15,1.19,0.27,10.46
2021-06-02,22.9,22.63,23.53,22.41,385500,184742496.0,4.89,-1.18,-0.27,6.59
2021-06-03,22.63,22.36,23.08,22.27,265060,125148549.0,3.58,-1.19,-0.27,4.53
2021-06-04,22.23,22.32,22.59,22.0,174366,80962237.0,2.64,-0.18,-0.04,2.98
2021-06-07,22.45,22.86,23.08,22.05,282354,133581435.0,4.61,2.42,0.54,4.83
2021-06-08,23.62,24.12,25.02,23.17,859691,440210560.0,8.09,5.51,1.26,14.71
2021-06-09,24.34,24.07,25.87,23.98,683179,352592656.0,7.84,-0.21,-0.05,11.69
2021-06-10,23.94,24.43,25.02,23.71,616550,315695824.0,5.44,1.5,0.36,10.55
2021-06-11,24.25,23.89,24.61,23.76,401751,203339427.0,3.48,-2.21,-0.54,6.87
2021-06-15,23.71,24.48,24.88,23.4,412959,209058205.0,6.2,2.47,0.59,7.06
2021-06-16,24.21,23.94,24.25,23.62,265441,132913931.0,2.57,-2.21,-0.54,4.54
2021-06-17,23.8,23.31,23.98,22.99,287617,140970272.0,4.14,-2.63,-0.63,4.92
2021-06-18,23.26,23.98,24.66,23.08,361945,182355615.0,6.78,2.87,0.67,6.19
2021-06-21,24.03,23.67,24.25,23.58,243046,121505345.0,2.79,-1.29,-0.31,4.16
2021-06-22,23.71,23.8,23.94,23.44,181778,90201641.0,2.11,0.55,0.13,3.11
2021-06-23,23.98,24.16,25.38,23.53,363961,185976965.0,7.77,1.51,0.36,6.23
2021-06-24,23.85,23.58,24.07,23.58,220336,109480321.0,2.03,-2.4,-0.58,3.77
2021-06-25,23.49,23.22,23.62,22.72,225541,109128689.0,3.82,-1.53,-0.36,3.86
2021-06-28,23.17,23.04,23.26,22.72,142809,68588972.0,2.33,-0.78,-0.18,2.44
2021-06-29,23.04,22.95,23.31,22.81,109103,52552696.0,2.17,-0.39,-0.09,1.87
2021-06-30,22.95,23.22,23.53,22.77,168161,81448090.0,3.31,1.18,0.27,2.88
2021-07-01,23.22,22.27,23.35,22.09,174866,82691253.0,5.43,-4.09,-0.95,2.99
2021-07-02,22.27,22.5,22.81,22.14,120367,56479631.0,3.01,1.03,0.23,2.06
2021-07-05,22.36,23.67,24.16,22.36,330537,162465559.0,8.0,5.2,1.17,5.65
2021-07-06,23.44,23.44,23.94,23.22,214896,105692031.0,3.04,-0.97,-0.23,3.68
2021-07-07,23.26,23.44,23.62,23.13,116668,57130191.0,2.09,0.0,0.0,2.0
2021-07-08,23.58,22.9,23.62,22.9,128997,62484212.0,3.07,-2.3,-0.54,2.21
2021-07-09,22.95,23.13,23.26,22.72,106351,51152042.0,2.36,1.0,0.23,1.82
2021-07-12,23.35,23.44,23.53,23.13,135679,66304871.0,1.73,1.34,0.31,2.32
2021-07-13,23.17,23.62,23.89,23.13,136032,67221559.0,3.24,0.77,0.18,2.33
2021-07-14,23.67,23.49,23.8,23.44,119083,58832275.0,1.52,-0.55,-0.13,2.04
2021-07-15,23.49,23.08,23.62,22.72,123232,59415196.0,3.83,-1.75,-0.41,2.11
2021-07-16,23.13,22.99,23.31,22.86,86581,41836670.0,1.95,-0.39,-0.09,1.48
2021-07-19,22.81,23.13,23.22,22.54,115209,55082400.0,2.96,0.61,0.14,1.97
2021-07-20,22.9,23.08,23.31,22.81,91974,44416171.0,2.16,-0.22,-0.05,1.57
2021-07-21,23.26,23.17,23.49,22.99,120068,58285048.0,2.17,0.39,0.09,2.05
2021-07-22,23.22,23.58,23.94,22.86,173417,85381340.0,4.66,1.77,0.41,2.97
2021-07-23,23.58,22.95,23.62,22.86,138278,67001182.0,3.22,-2.67,-0.63,2.37
2021-07-26,22.77,22.45,22.95,22.18,142810,67318544.0,3.36,-2.18,-0.5,2.44
2021-07-27,22.63,21.91,22.68,21.82,110593,51606259.0,3.83,-2.41,-0.54,1.89
2021-07-28,21.87,21.15,22.05,20.83,128323,56887974.0,5.57,-3.47,-0.76,2.2
2021-07-29,21.24,21.42,21.64,21.24,87945,39335097.0,1.89,1.28,0.27,1.5
2021-07-30,21.33,21.64,21.78,21.33,95017,42733399.0,2.1,1.03,0.22,1.63
2021-08-02,21.78,22.14,22.23,21.55,104379,47831176.0,3.14,2.31,0.5,1.79
2021-08-03,21.96,22.41,22.72,21.96,120089,56364348.0,3.43,1.22,0.27,2.05
2021-08-04,22.27,22.41,22.63,22.23,71637,33561750.0,1.78,0.0,0.0,1.23
2021-08-05,22.72,22.14,22.72,21.96,79820,36859580.0,3.39,-1.2,-0.27,1.37
2021-08-06,21.82,21.87,22.05,21.64,68118,30991553.0,1.85,-1.22,-0.27,1.17
2021-08-09,21.87,22.18,22.18,21.69,68466,31395227.0,2.24,1.42,0.31,1.17
2021-08-10,22.18,22.32,22.41,22.0,72016,33460399.0,1.85,0.63,0.14,1.23
2021-08-11,22.36,22.18,22.36,22.0,70383,32587306.0,1.61,-0.63,-0.14,1.2
2021-08-12,22.27,22.32,22.59,22.09,90005,41922105.0,2.25,0.63,0.14,1.54
2021-08-13,22.14,22.18,22.32,21.91,75860,34987903.0,1.84,-0.63,-0.14,1.3
2021-08-16,22.23,22.09,22.23,21.96,72824,33554139.0,1.22,-0.41,-0.09,1.25
2021-08-17,22.0,21.24,22.05,21.15,112151,50412913.0,4.07,-3.85,-0.85,1.92
2021-08-18,21.46,21.51,21.6,21.15,75755,33639307.0,2.12,1.27,0.27,1.3
2021-08-19,21.42,21.28,21.73,21.24,56480,25228751.0,2.28,-1.07,-0.23,0.97
2021-08-20,21.28,21.1,21.28,20.74,87182,38001732.0,2.54,-0.85,-0.18,1.49
2021-08-23,21.1,21.51,21.55,21.01,88051,39196700.0,2.56,1.94,0.41,1.51
2021-08-24,21.42,21.46,21.55,21.37,66180,29553498.0,0.84,-0.23,-0.05,1.13
2021-08-25,21.42,21.6,21.78,21.24,79883,35887288.0,2.52,0.65,0.14,1.37
2021-08-26,21.69,21.78,21.91,21.42,101979,46132962.0,2.27,0.83,0.18,1.74
2021-08-27,21.64,22.59,23.13,21.24,292165,135101519.0,8.68,3.72,0.81,5.0
2021-08-30,23.44,23.26,23.67,22.68,378392,183701103.0,4.38,2.97,0.67,6.47
2021-08-31,22.99,22.95,23.44,22.72,201086,96915676.0,3.1,-1.33,-0.31,3.44
2021-09-01,22.81,22.86,23.04,22.5,170427,81230131.0,2.35,-0.39,-0.09,2.92
2021-09-02,22.5,23.22,23.31,22.27,198820,94922288.0,4.55,1.57,0.36,3.4
2021-09-03,23.62,23.17,23.89,22.99,179191,87220871.0,3.88,-0.22,-0.05,3.07
2021-09-06,23.08,23.22,23.62,22.95,134104,65378403.0,2.89,0.22,0.05,2.29
2021-09-07,23.04,23.85,24.12,23.04,237857,118011568.0,4.65,2.71,0.63,4.07
2021-09-08,23.8,24.43,24.57,23.67,222705,113604438.0,3.77,2.43,0.58,3.81
2021-09-09,24.34,24.34,24.7,24.07,159804,81626050.0,2.58,-0.37,-0.09,2.73
2021-09-10,24.16,24.3,24.61,24.03,129348,65815020.0,2.38,-0.16,-0.04,2.21
2021-09-13,24.34,24.3,24.43,24.03,107662,54788767.0,1.65,0.0,0.0,1.84
2021-09-14,24.34,24.12,24.57,24.07,169436,86654348.0,2.06,-0.74,-0.18,2.9
2021-09-15,24.34,24.75,25.69,24.12,228240,119423623.0,6.51,2.61,0.63,3.9
2021-09-16,24.52,24.12,24.97,23.98,152216,78188595.0,4.0,-2.55,-0.63,2.6
2021-09-17,24.07,23.76,24.16,23.49,132073,65852854.0,2.78,-1.49,-0.36,2.26
2021-09-22,23.44,23.62,23.89,23.44,89848,44590460.0,1.89,-0.59,-0.14,1.54
2021-09-23,23.62,23.94,23.98,23.58,106050,52936789.0,1.69,1.35,0.32,1.81
2021-09-24,23.98,23.62,24.88,23.53,147428,74640743.0,5.64,-1.34,-0.32,2.52
2021-09-27,23.44,22.9,24.03,22.5,144196,69545717.0,6.48,-3.05,-0.72,2.47
2021-09-28,22.9,23.04,23.13,22.59,70365,33746607.0,2.36,0.61,0.14,1.2
2021-09-29,23.04,22.54,23.04,22.36,83158,39402049.0,2.95,-2.17,-0.5,1.42
2021-09-30,22.81,23.26,23.4,22.63,100149,48202396.0,3.42,3.19,0.72,1.71
2021-10-08,23.26,24.07,24.52,23.26,164812,83165292.0,5.42,3.48,0.81,2.82
2021-10-11,24.34,24.34,24.57,24.03,125046,63894268.0,2.24,1.12,0.27,2.14
2021-10-12,24.25,24.48,24.97,24.12,156000,79990946.0,3.49,0.58,0.14,2.67
2021-10-13,24.43,24.3,24.43,23.89,99758,50538759.0,2.21,-0.74,-0.18,1.71
2021-10-14,24.16,24.61,24.79,23.89,128124,65698335.0,3.7,1.28,0.31,2.19
2021-10-15,24.7,24.3,24.75,24.21,120080,61488204.0,2.19,-1.26,-0.31,2.05
2021-10-18,24.21,24.7,24.75,23.98,130903,67103195.0,3.17,1.65,0.4,2.24
2021-10-19,24.61,24.25,24.61,24.07,115593,58927163.0,2.19,-1.82,-0.45,1.98
2021-10-20,24.25,23.85,24.93,23.67,164112,83019181.0,5.2,-1.65,-0.4,2.81
2021-10-21,23.67,23.53,23.89,23.26,144194,71181914.0,2.64,-1.34,-0.32,2.47
2021-10-22,23.58,23.17,23.67,23.04,123142,60038209.0,2.68,-1.53,-0.36,2.11
2021-10-25,23.17,22.9,23.22,22.36,96588,46006592.0,3.71,-1.17,-0.27,1.65
2021-10-26,22.95,22.59,23.04,22.5,73965,35187586.0,2.36,-1.35,-0.31,1.27
2021-10-27,22.54,21.73,22.59,21.37,133562,61215703.0,5.4,-3.81,-0.86,2.28
2021-10-28,21.78,21.51,22.09,21.37,83484,37680898.0,3.31,-1.01,-0.22,1.43
2021-10-29,21.69,21.96,22.18,21.55,90577,41429474.0,2.93,2.09,0.45,1.55
2021-11-01,22.09,21.87,22.09,21.69,86947,39706191.0,1.82,-0.41,-0.09,1.49
2021-11-02,21.96,21.24,21.96,20.97,109776,48947294.0,4.53,-2.88,-0.63,1.88
2021-11-03,21.28,21.46,21.51,21.19,61121,27152229.0,1.51,1.04,0.22,1.05
2021-11-04,21.42,21.69,21.78,21.24,63485,28542058.0,2.52,1.07,0.23,1.09
2021-11-05,21.64,21.69,21.96,21.6,77800,35287940.0,1.66,0.0,0.0,1.33
2021-11-08,21.91,21.73,21.91,21.51,61497,27864895.0,1.84,0.18,0.04,1.05
2021-11-09,21.78,22.14,22.32,21.73,111257,51179752.0,2.72,1.89,0.41,1.9
2021-11-10,21.96,22.23,22.23,21.87,99919,45990769.0,1.63,0.41,0.09,1.71
2021-11-11,22.18,22.41,22.54,22.09,84258,39409580.0,2.02,0.81,0.18,1.44
2021-11-12,22.41,22.5,22.59,22.14,75147,35156849.0,2.01,0.4,0.09,1.29
2021-11-15,22.54,22.86,22.99,22.41,119031,56466523.0,2.58,1.6,0.36,2.04
2021-11-16,22.86,22.63,22.95,22.54,67227,31923429.0,1.79,-1.01,-0.23,1.15
2021-11-17,22.45,23.4,23.49,22.45,139167,67636036.0,4.6,3.4,0.77,2.38
2021-11-18,23.44,23.08,23.76,23.08,108479,53000309.0,2.91,-1.37,-0.32,1.86
2021-11-19,23.04,23.76,23.8,23.04,133745,65837404.0,3.29,2.95,0.68,2.29
2021-11-22,23.62,23.58,23.67,23.31,90562,44593690.0,1.52,-0.76,-0.18,1.55
2021-11-23,23.44,23.58,23.67,23.26,79479,39101245.0,1.74,0.0,0.0,1.36
2021-11-24,23.58,23.4,23.67,23.26,77727,38218418.0,1.74,-0.76,-0.18,1.33
2021-11-25,23.35,23.89,23.94,23.31,135379,67232570.0,2.69,2.09,0.49,2.32
2021-11-26,23.71,23.76,23.89,23.4,96487,47762374.0,2.05,-0.54,-0.13,1.65
2021-11-29,23.53,23.58,23.85,23.4,81074,40210240.0,1.89,-0.76,-0.18,1.39
2021-11-30,23.58,23.85,24.25,23.53,144936,72960611.0,3.05,1.15,0.27,2.48
2021-12-01,23.98,24.52,24.97,23.89,191976,98959273.0,4.53,2.81,0.67,3.28
2021-12-02,24.52,24.21,24.75,24.12,132157,67602304.0,2.57,-1.26,-0.31,2.26
2021-12-03,24.21,24.03,24.43,23.94,100089,50613224.0,2.02,-0.74,-0.18,1.71
2021-12-06,23.94,23.62,24.21,23.53,104525,52082717.0,2.83,-1.71,-0.41,1.79
2021-12-07,23.67,23.58,23.89,23.4,93447,46260469.0,2.07,-0.17,-0.04,1.6
2021-12-08,23.58,23.98,24.39,23.49,123432,62087112.0,3.82,1.7,0.4,2.11
2021-12-09,24.07,23.98,24.3,23.89,103169,52050241.0,1.71,0.0,0.0,1.76
2021-12-10,23.89,23.85,24.12,23.76,80593,40347936.0,1.5,-0.54,-0.13,1.38
2021-12-13,23.76,24.21,24.39,23.67,143733,72552345.0,3.02,1.51,0.36,2.46
2021-12-14,24.16,24.7,24.75,24.03,187291,96585414.0,2.97,2.02,0.49,3.2
2021-12-15,24.84,24.57,25.06,24.52,190991,99322872.0,2.19,-0.53,-0.13,3.27
2021-12-16,24.75,25.06,25.15,24.52,164072,86041996.0,2.56,1.99,0.49,2.81
2021-12-17,24.88,24.84,25.06,24.66,123143,64327927.0,1.6,-0.88,-0.22,2.11
2021-12-20,25.06,24.7,26.1,24.61,256768,136199493.0,6.0,-0.56,-0.14,4.39
2021-12-21,24.93,27.04,27.04,24.61,338721,183748006.0,9.84,9.47,2.34,5.79
2021-12-22,29.61,26.46,29.61,26.46,1067479,640886768.0,11.65,-2.14,-0.58,18.26
2021-12-23,26.14,26.95,28.12,25.92,868998,496071120.0,8.31,1.85,0.49,14.87
2021-12-24,26.64,27.45,28.84,26.5,695733,408774912.0,8.68,1.86,0.5,11.9
2021-12-27,27.04,26.64,27.94,26.19,409327,231263618.0,6.38,-2.95,-0.81,7.0
2021-12-28,26.59,26.41,27.0,26.19,290005,162490205.0,3.04,-0.86,-0.23,4.96
2021-12-29,26.32,26.68,26.68,25.65,255168,141071360.0,3.9,1.02,0.27,4.37
2021-12-30,26.5,27.27,27.54,26.23,305938,174456902.0,4.91,2.21,0.59,5.23
2021-12-31,27.18,27.13,27.49,26.86,236948,135855783.0,2.31,-0.51,-0.14,4.05
2022-01-04,27.0,27.85,28.12,27.0,254924,149328424.0,4.13,2.65,0.72,4.36
2022-01-05,27.81,27.76,28.21,27.22,236716,138306428.0,3.55,-0.32,-0.09,4.05
2022-01-06,27.58,27.67,27.85,27.4,174047,101718712.0,1.62,-0.32,-0.09,2.98
2022-01-07,27.67,26.73,27.94,26.5,289492,166579083.0,5.2,-3.4,-0.94,4.95
2022-01-10,26.59,27.13,27.49,26.37,188670,107953665.0,4.19,1.5,0.4,3.23
2022-01-11,27.04,26.91,27.36,26.68,135569,77263424.0,2.51,-0.81,-0.22,2.32
2022-01-12,26.86,27.58,28.17,26.77,211270,122971679.0,5.2,2.49,0.67,3.61
2022-01-13,28.75,28.03,29.38,27.76,356258,212455462.0,5.87,1.63,0.45,6.09
2022-01-14,27.58,29.16,30.69,27.58,692795,433536288.0,11.1,4.03,1.13,11.85
2022-01-17,29.61,31.95,31.95,29.25,659932,436906912.0,9.26,9.57,2.79,11.29
2022-01-18,34.96,31.05,35.01,30.64,1444936,1032012368.0,13.68,-2.82,-0.9,24.72
2022-01-19,30.55,31.05,32.13,30.19,915404,605874304.0,6.25,0.0,0.0,15.66
2022-01-20,30.78,29.07,30.91,28.89,719849,451981264.0,6.51,-6.38,-1.98,12.31
2022-01-21,28.98,30.51,31.86,28.98,1073495,703485856.0,9.91,4.95,1.44,18.36
2022-01-24,29.83,33.43,33.43,29.7,580976,399725824.0,12.23,9.57,2.92,9.94
2022-01-25,32.98,31.5,32.98,30.6,1057885,714182736.0,7.12,-5.77,-1.93,18.1
2022-01-26,31.09,30.78,31.63,29.61,611947,397218688.0,6.41,-2.29,-0.72,10.47
2022-01-27,30.33,27.85,30.46,27.85,487733,291732368.0,8.48,-9.52,-2.93,8.34
2022-01-28,27.67,26.86,27.99,26.23,492456,280156080.0,6.32,-3.55,-0.99,8.42
2022-02-07,27.49,28.84,29.43,26.91,653146,392916816.0,9.38,7.37,1.98,11.17
2022-02-08,28.75,29.92,30.42,28.57,569151,357024320.0,6.41,3.74,1.08,9.74
2022-02-09,30.06,30.19,30.96,29.61,553130,356137296.0,4.51,0.9,0.27,9.46
2022-02-10,30.1,32.8,33.07,29.47,1059722,724647680.0,11.92,8.65,2.61,18.13
2022-02-11,32.13,31.81,32.53,31.5,764151,520173008.0,3.14,-3.02,-0.99,13.07
2022-02-14,31.54,34.87,34.87,31.27,921814,661264240.0,11.32,9.62,3.06,15.77
2022-02-15,35.55,37.3,38.25,34.33,1505487,1200551024.0,11.24,6.97,2.43,25.75
2022-02-16,37.35,37.8,40.9,36.22,2090471,1731311072.0,12.55,1.34,0.5,35.76
2022-02-17,36.4,34.15,36.4,34.15,1162484,854081616.0,5.95,-9.66,-3.65,19.89
2022-02-18,34.65,34.87,36.31,33.43,1333243,999691664.0,8.43,2.11,0.72,22.81
2022-02-21,35.59,38.25,38.25,35.14,1245981,989956640.0,8.92,9.69,3.38,21.32
2022-02-22,38.25,36.9,40.36,36.85,1741547,1433087072.0,9.18,-3.53,-1.35,29.79
2022-02-23,37.98,35.77,38.34,35.64,1109439,867059552.0,7.32,-3.06,-1.13,18.98
2022-02-24,34.69,32.4,35.73,32.35,1110006,797133728.0,9.45,-9.42,-3.37,18.99
2022-02-25,32.76,32.58,33.21,32.53,550175,384815488.0,2.1,0.56,0.18,9.41
2022-02-28,32.8,32.58,33.07,31.54,454357,312069104.0,4.7,0.0,0.0,7.77
2022-03-01,32.76,34.42,34.78,32.13,735557,530716464.0,8.13,5.65,1.84,12.58
2022-03-02,33.97,34.56,34.83,33.66,504215,369661392.0,3.4,0.41,0.14,8.63
2022-03-03,35.1,33.88,35.19,33.57,457190,332269376.0,4.69,-1.97,-0.68,7.82
2022-03-04,33.39,33.39,34.38,32.94,396127,283556000.0,4.25,-1.45,-0.49,6.78
2022-03-07,33.39,32.49,33.66,32.22,368992,258698692.0,4.31,-2.7,-0.9,6.31
2022-03-08,33.07,31.99,33.52,31.77,450103,314030064.0,5.39,-1.54,-0.5,7.7
2022-03-09,31.59,32.94,32.94,29.97,517441,348323216.0,9.28,2.97,0.95,8.85
2022-03-10,33.57,32.89,33.66,32.62,419567,296050608.0,3.16,-0.15,-0.05,7.18
2022-03-11,31.9,32.4,32.62,31.27,350514,239162743.0,4.1,-1.49,-0.49,6.0
2022-03-14,32.04,30.91,32.58,30.82,287707,193993070.0,5.43,-4.6,-1.49,4.92
2022-03-15,30.6,29.79,31.77,29.65,349749,229098039.0,6.86,-3.62,-1.12,5.98
2022-03-16,30.37,31.09,31.23,29.38,429490,277146400.0,6.21,4.36,1.3,7.35
2022-03-17,31.18,31.23,31.81,30.51,413909,274903520.0,4.18,0.45,0.14,7.08
2022-03-18,31.05,31.9,32.17,30.82,366823,247412273.0,4.32,2.15,0.67,6.28
2022-03-21,31.72,31.54,32.08,30.87,339471,227077026.0,3.79,-1.13,-0.36,5.81
2022-03-22,31.41,31.95,32.22,31.05,344337,232920675.0,3.71,1.3,0.41,5.89
2022-03-23,31.95,31.14,31.99,31.05,285078,190082509.0,2.94,-2.54,-0.81,4.88
2022-03-24,30.82,30.19,31.05,29.97,268970,173550716.0,3.47,-3.05,-0.95,4.6
2022-03-25,30.37,30.15,30.78,29.74,189744,121866021.0,3.44,-0.13,-0.04,3.25
2022-03-28,29.74,29.7,30.15,29.47,191284,120957688.0,2.26,-1.49,-0.45,3.27
2022-03-29,29.79,29.07,29.92,28.8,219947,136187083.0,3.77,-2.12,-0.63,3.76
2022-03-30,29.61,29.16,29.61,28.71,167417,103138574.0,3.1,0.31,0.09,2.86
2022-03-31,28.84,29.52,29.74,28.71,225614,140271552.0,3.53,1.23,0.36,3.86
2022-04-01,29.38,29.56,29.79,29.16,177262,110957769.0,2.13,0.14,0.04,3.03
2022-04-06,29.56,30.55,30.96,29.43,260893,168815827.0,5.18,3.35,0.99,4.46
2022-04-07,30.55,29.25,30.78,29.2,198910,126161826.0,5.17,-4.26,-1.3,3.4
2022-04-08,29.25,28.84,29.47,28.21,201691,123180132.0,4.31,-1.4,-0.41,3.45
2022-04-11,28.71,27.58,29.07,27.27,190059,112520380.0,6.24,-4.37,-1.26,3.25
2022-04-12,27.67,28.39,28.44,27.4,148701,87709399.0,3.77,2.94,0.81,2.54
2022-04-13,28.3,26.73,28.3,26.55,205069,117534104.0,6.16,-5.85,-1.66,3.51
2022-04-14,27.4,26.82,27.45,26.68,143242,81602615.0,2.88,0.34,0.09,2.45
2022-04-15,26.68,26.19,26.68,25.87,171968,95079689.0,3.02,-2.35,-0.63,2.94
2022-04-18,25.87,26.19,26.28,25.38,117112,63858930.0,3.44,0.0,0.0,2.0
2022-04-19,26.05,26.68,26.82,26.05,140288,78577777.0,2.94,1.87,0.49,2.4
2022-04-20,27.18,26.32,28.17,26.28,273258,156514282.0,7.08,-1.35,-0.36,4.67
2022-04-21,26.32,25.02,26.55,24.79,216440,116239765.0,6.69,-4.94,-1.3,3.7
2022-04-22,24.66,24.34,25.33,24.3,228014,118881693.0,4.12,-2.72,-0.68,3.9
2022-04-25,24.16,22.5,24.39,22.41,278287,135503966.0,8.13,-7.56,-1.84,4.76
2022-04-26,22.45,21.46,22.81,21.37,196586,90420171.0,6.4,-4.62,-1.04,3.36
2022-04-27,21.06,22.63,22.72,20.88,207848,94842282.0,8.57,5.45,1.17,3.56
2022-04-28,22.32,21.78,22.59,21.24,166677,76329730.0,5.97,-3.76,-0.85,2.85
2022-04-29,22.14,22.5,22.59,21.78,217745,101063061.0,3.72,3.31,0.72,3.72
2022-05-05,22.32,22.23,22.54,21.69,196203,90986530.0,3.78,-1.2,-0.27,3.36
2022-05-06,21.69,22.36,22.72,21.37,198675,91680785.0,6.07,0.58,0.13,3.4
2022-05-09,22.36,22.81,23.17,22.36,164492,78517279.0,3.62,2.01,0.45,2.81
2022-05-10,22.59,23.08,23.08,22.32,150522,71797323.0,3.33,1.18,0.27,2.58
2022-05-11,22.99,22.99,23.71,22.95,205630,100550257.0,3.29,-0.39,-0.09,3.52
2022-05-12,22.5,23.04,23.31,22.5,156913,75272192.0,3.52,0.22,0.05,2.68
2022-05-13,22.99,23.17,23.26,22.72,108937,52385043.0,2.34,0.56,0.13,1.86
2022-05-16,23.17,23.35,23.58,23.17,133266,65292258.0,1.77,0.78,0.18,2.28
2022-05-17,23.4,23.17,23.44,22.77,92377,44483097.0,2.87,-0.77,-0.18,1.58
2022-05-18,23.8,25.38,25.38,23.8,109089,57725722.0,6.82,9.54,2.21,1.87
2022-05-19,25.65,27.63,27.76,25.38,979734,550571488.0,9.38,8.87,2.25,16.76
2022-05-20,26.55,25.96,26.82,25.69,636072,351659664.0,4.09,-6.04,-1.67,10.88
2022-05-23,26.32,26.19,26.5,25.83,351464,193406995.0,2.58,0.89,0.23,6.01
2022-05-24,26.32,24.61,26.37,24.52,355543,189623379.0,7.06,-6.03,-1.58,6.08
2022-05-25,24.7,24.97,25.29,24.7,248058,130276223.0,2.4,1.46,0.36,4.24
2022-05-26,24.84,25.06,25.33,24.39,247307,129514772.0,3.76,0.36,0.09,4.23
2022-05-27,25.2,25.6,26.05,24.97,329904,177486110.0,4.31,2.15,0.54,5.64
2022-05-30,25.29,25.29,25.51,24.88,214568,113846022.0,2.46,-1.21,-0.31,3.67
2022-05-31,25.33,25.65,25.74,24.88,204961,109211105.0,3.4,1.42,0.36,3.51
2022-06-01,25.56,25.47,25.96,25.11,169942,91429244.0,3.31,-0.7,-0.18,2.91
2022-06-02,25.47,25.65,25.78,25.2,143305,77127562.0,2.28,0.71,0.18,2.45
2022-06-06,25.65,26.32,26.5,25.56,232158,128122669.0,3.66,2.61,0.67,3.97
2022-06-07,26.41,25.87,26.41,25.6,184836,100735725.0,3.08,-1.71,-0.45,3.16
2022-06-08,25.83,26.46,26.68,25.2,332646,183577354.0,5.72,2.28,0.59,5.69
2022-06-09,26.41,25.51,26.41,25.33,217483,117617445.0,4.08,-3.59,-0.95,3.72
2022-06-10,25.42,25.69,25.78,25.2,139496,75195877.0,2.27,0.71,0.18,2.39
2022-06-13,25.47,25.87,26.19,25.38,176297,95907337.0,3.15,0.7,0.18,3.02
2022-06-14,25.69,25.47,25.69,24.61,203359,107336455.0,4.17,-1.55,-0.4,3.48
2022-06-15,25.78,25.96,26.37,25.56,257183,140939270.0,3.18,1.92,0.49,4.4
2022-06-16,25.96,26.19,26.46,25.74,215198,118812010.0,2.77,0.89,0.23,3.68
2022-06-17,26.1,25.96,26.37,25.74,160254,87773716.0,2.41,-0.88,-0.23,2.74
2022-06-20,26.05,26.01,26.14,25.74,141938,77747753.0,1.54,0.19,0.05,2.43
2022-06-21,26.1,26.37,26.86,25.96,221278,123230302.0,3.46,1.38,0.36,3.79
2022-06-22,26.37,25.6,26.55,25.56,157174,85842603.0,3.75,-2.92,-0.77,2.69
2022-06-23,25.87,26.55,26.82,25.78,225155,125036683.0,4.06,3.71,0.95,3.85
2022-06-24,26.82,26.68,27.54,26.59,265101,150822612.0,3.58,0.49,0.13,4.54
2022-06-27,26.59,26.19,26.77,26.05,208124,115240795.0,2.7,-1.84,-0.49,3.56
2022-06-28,26.19,26.64,26.68,25.78,208374,116144448.0,3.44,1.72,0.45,3.56
2022-06-29,26.41,26.73,27.63,26.19,339580,193349025.0,5.41,0.34,0.09,5.81
2022-06-30,27.0,26.5,27.31,26.41,219201,123151270.0,3.37,-0.86,-0.23,3.65
2022-07-01,26.5,26.05,26.55,25.96,157951,87216766.0,2.23,-1.7,-0.45,2.63
2022-07-04,27.58,28.53,28.53,27.58,145236,86915641.0,3.65,9.52,2.48,2.42
2022-07-05,29.07,27.63,29.56,27.4,693041,416586720.0,7.57,-3.15,-0.9,11.55
2022-07-06,27.49,27.54,28.21,27.22,351940,206458622.0,3.58,-0.33,-0.09,5.87
2022-07-07,27.27,27.22,28.08,27.04,264119,153007153.0,3.78,-1.16,-0.32,4.4
2022-07-08,27.18,27.36,27.67,27.0,181356,104973181.02,2.46,0.51,0.14,3.02
2022-07-11,27.36,26.91,27.58,26.68,175923,100352054.72,3.29,-1.64,-0.45,2.93
2022-07-12,27.0,27.04,27.13,26.77,133403,76014570.4,1.34,0.48,0.13,2.22
2022-07-13,27.18,27.9,27.94,27.04,235738,137809926.18,3.33,3.18,0.86,3.93
2022-07-14,27.9,27.4,27.9,27.36,159665,92891230.43,1.94,-1.79,-0.5,2.66
2022-07-15,27.31,26.73,27.4,26.64,169579,96321610.96,2.77,-2.45,-0.67,2.83
2022-07-18,26.73,27.27,27.31,26.68,124358,71100244.66,2.36,2.02,0.54,2.07
2022-07-19,27.27,28.21,28.26,27.13,284552,167487630.85,4.14,3.45,0.94,4.74
2022-07-20,28.26,28.3,28.48,28.03,209464,124966977.46,1.6,0.32,0.09,3.49
2022-07-21,28.17,28.03,28.57,27.99,142545,84973107.0,2.05,-0.95,-0.27,2.38
2022-07-22,27.99,27.67,28.3,27.49,182405,107246803.0,2.89,-1.28,-0.36,3.04
2022-07-25,28.03,27.4,28.35,27.27,149005,87351118.0,3.9,-0.98,-0.27,2.48
2022-07-26,27.4,28.17,28.44,27.31,191015,113061872.9,4.12,2.81,0.77,3.18
2022-07-27,27.99,28.53,28.71,27.9,216299,129700573.97,2.88,1.28,0.36,3.6
2022-07-28,28.57,28.17,28.75,28.12,175876,105746732.0,2.21,-1.26,-0.36,2.93
2022-07-29,28.17,28.17,28.44,27.99,136383,81417731.9,1.6,0.0,0.0,2.27
2022-08-01,28.26,28.21,28.48,27.9,147898,88340221.34,2.06,0.14,0.04,2.46
2022-08-02,28.12,26.37,28.12,26.37,258971,146870988.5,6.2,-6.52,-1.84,4.32
2022-08-03,26.19,26.77,27.54,26.19,235754,135020799.04,5.12,1.52,0.4,3.93
2022-08-04,26.91,28.17,29.25,26.91,327371,194574013.09,8.74,5.23,1.4,5.46
2022-08-05,28.8,28.75,29.16,28.12,301861,183025105.7,3.69,2.06,0.58,5.03
2022-08-08,28.8,29.43,29.61,28.44,312106,192362478.04,4.07,2.37,0.68,5.2
2022-08-09,29.2,28.71,29.34,28.57,229015,139566900.5,2.62,-2.45,-0.72,3.82
2022-08-10,28.71,28.39,28.75,28.21,193008,115958864.0,1.88,-1.11,-0.32,3.22
2022-08-11,28.39,28.66,28.71,28.35,171395,103635140.0,1.27,0.95,0.27,2.86
2022-08-12,28.66,29.61,30.01,28.62,357744,223975591.86,4.85,3.31,0.95,5.96
2022-08-15,29.56,28.89,29.7,28.66,262821,161228806.04,3.51,-2.43,-0.72,4.38
2022-08-16,29.02,28.89,29.02,28.62,161505,98314333.15,1.38,0.0,0.0,2.69
2022-08-17,28.8,28.98,28.98,28.3,166930,101163464.48,2.35,0.31,0.09,2.78
2022-08-18,28.84,28.66,28.93,28.39,141715,85825575.78,1.86,-1.1,-0.32,2.36
2022-08-19,28.44,28.17,28.98,28.12,194476,117592451.0,3.0,-1.71,-0.49,3.24
2022-08-22,27.94,28.62,28.66,27.4,136392,81548981.15,4.47,1.6,0.45,2.27
2022-08-23,28.53,28.3,28.8,28.17,131958,79331850.04,2.2,-1.12,-0.32,2.2
2022-08-24,28.35,27.36,28.39,27.31,173311,101381439.01,3.82,-3.32,-0.94,2.89
2022-08-25,27.54,27.13,27.67,26.64,133537,76038278.73,3.76,-0.84,-0.23,2.23
2022-08-26,27.13,26.64,27.27,26.59,109283,62056182.0,2.51,-1.81,-0.49,1.82
2022-08-29,26.23,26.64,26.68,25.78,104584,58188070.65,3.38,0.0,0.0,1.74
2022-08-30,26.55,29.16,29.16,26.46,405100,247272695.49,10.14,9.46,2.52,6.75
2022-08-31,29.79,28.89,31.09,28.44,998788,625541520.98,9.09,-0.93,-0.27,16.64
2022-09-01,28.35,29.83,30.28,28.3,798200,498240887.41,6.85,3.25,0.94,13.3
2022-09-02,29.56,29.52,30.06,29.29,466013,292243044.01,2.58,-1.04,-0.31,7.77
2022-09-05,29.34,29.56,30.46,29.25,283670,177685247.0,4.1,0.14,0.04,4.73
2022-09-06,29.74,29.16,29.74,28.98,248006,153476873.18,2.57,-1.35,-0.4,4.13
2022-09-07,29.2,30.6,31.95,28.98,771763,502894054.45,10.19,4.94,1.44,12.86
2022-09-08,30.19,31.0,32.76,29.97,688308,456646321.86,9.12,1.31,0.4,11.47
2022-09-09,30.55,30.19,30.91,29.52,430385,275517138.0,4.48,-2.61,-0.81,7.17
2022-09-13,30.24,29.52,30.55,29.43,306257,193143675.0,3.71,-2.22,-0.67,5.1
2022-09-14,28.8,28.35,29.02,28.03,311360,187910187.9,3.35,-3.96,-1.17,5.19
2022-09-15,28.48,27.63,28.62,27.22,235764,138210647.4,4.94,-2.54,-0.72,3.93
2022-09-16,27.72,27.67,28.44,27.45,228464,135258279.4,3.58,0.14,0.04,3.81
2022-09-19,27.81,26.77,27.85,26.73,180416,103387402.8,4.05,-3.25,-0.9,3.01
2022-09-20,27.09,27.4,27.49,26.91,132591,76171907.0,2.17,2.35,0.63,2.21
2022-09-21,27.27,27.67,27.72,26.32,181111,103568131.01,5.11,0.99,0.27,3.02
2022-09-22,27.4,27.49,28.08,27.22,133230,78172047.4,3.11,-0.65,-0.18,2.22
2022-09-23,27.54,26.37,27.72,26.32,170543,96755496.38,5.09,-4.07,-1.12,2.84
2022-09-26,25.96,25.02,26.28,24.93,209914,112639607.32,5.12,-5.12,-1.35,3.5
2022-09-27,25.02,25.38,25.56,24.79,111361,59011963.4,3.08,1.44,0.36,1.86
2022-09-28,25.42,24.34,25.47,24.3,139344,72507110.0,4.61,-4.1,-1.04,2.32
2022-09-29,24.79,24.84,25.47,24.52,151133,79453355.0,3.9,2.05,0.5,2.52
2022-09-30,24.66,24.66,25.06,24.57,79254,41275811.22,1.97,-0.72,-0.18,1.32
2022-10-10,24.75,24.97,25.96,24.12,187944,98638532.81,7.46,1.26,0.31,3.13
2022-10-11,24.75,26.1,26.59,24.52,251905,137531772.86,8.29,4.53,1.13,4.2
2022-10-12,25.78,27.31,27.31,25.42,354548,199074149.0,7.24,4.64,1.21,5.91
2022-10-13,27.31,28.12,28.93,26.95,497578,293804573.27,7.25,2.97,0.81,8.29
2022-10-14,27.9,28.48,28.66,27.85,391807,234386190.64,2.88,1.28,0.36,6.53
2022-10-17,28.44,29.38,29.97,28.35,428882,266886678.2,5.69,3.16,0.9,7.15
2022-10-18,29.2,29.83,30.24,28.84,442425,277451857.19,4.77,1.53,0.45,7.37
2022-10-19,29.7,32.67,32.67,29.56,842329,571794869.44,10.43,9.52,2.84,14.04
2022-10-20,33.21,29.52,33.3,29.52,1309346,858686100.7,11.57,-9.64,-3.15,21.82
2022-10-21,28.26,28.89,30.1,28.26,663590,408116761.08,6.23,-2.13,-0.63,11.06
2022-10-24,29.2,31.63,31.63,29.2,382552,253284004.22,8.41,9.48,2.74,6.38
2022-10-25,32.26,34.65,34.65,31.05,1686291,1194243692.52,11.38,9.55,3.02,28.1
2022-10-26,34.74,34.65,37.93,33.66,1947408,1463760282.19,12.32,0.0,0.0,32.45
2022-10-27,34.92,35.23,35.64,33.79,1256798,934718311.79,5.34,1.67,0.58,20.94
2022-10-28,34.24,32.85,34.69,31.86,1181520,825788835.22,8.03,-6.76,-2.38,19.69
2022-10-31,33.75,36.0,36.0,33.66,406410,308181537.7,7.12,9.59,3.15,6.77
2022-11-01,37.08,33.39,37.8,32.58,1570442,1159032950.72,14.5,-7.25,-2.61,26.17
2022-11-02,32.76,34.06,34.29,32.26,1060048,755924992.75,6.08,2.01,0.67,17.67
2022-11-03,32.94,31.63,33.21,31.5,865529,593014725.63,5.02,-7.13,-2.43,14.42
2022-11-04,31.95,32.31,32.71,31.54,616308,421202595.75,3.7,2.15,0.68,10.27
2022-11-07,32.53,35.41,35.41,32.44,425497,316334700.8,9.19,9.59,3.1,7.09
2022-11-08,36.09,37.53,38.83,35.14,2153636,1719520272.67,10.42,5.99,2.12,35.89
2022-11-09,36.13,37.62,40.32,34.6,1816774,1450098195.28,15.24,0.24,0.09,30.28
2022-11-10,38.16,41.26,41.26,38.16,567884,493768275.18,8.24,9.68,3.64,9.46
2022-11-11,45.27,45.27,45.27,41.62,2124547,2044737585.02,8.85,9.72,4.01,35.41
2022-11-14,45.99,47.47,49.68,43.24,2490943,2516415072.32,14.23,4.86,2.2,41.51
2022-11-15,47.47,43.47,48.91,42.88,2170370,2134909540.48,12.7,-8.43,-4.0,36.17
2022-11-16,43.2,42.79,43.78,40.59,1650279,1495741383.38,7.34,-1.56,-0.68,27.5
2022-11-17,41.89,42.52,43.06,40.72,1389186,1245508912.43,5.47,-0.63,-0.27,23.15
2022-11-18,41.89,42.16,44.28,41.58,1317091,1218133283.77,6.35,-0.85,-0.36,21.95
2022-11-21,40.99,42.79,43.38,39.73,1105481,990493025.18,8.66,1.49,0.63,18.42
2022-11-22,41.85,39.46,42.7,39.06,1036395,906050728.05,8.51,-7.78,-3.33,17.27
2022-11-23,39.46,37.62,39.87,37.17,888793,725036311.59,6.84,-4.66,-1.84,14.81
2022-11-24,37.66,37.48,38.11,36.99,545395,438662795.9,2.98,-0.37,-0.14,9.09
2022-11-25,37.39,36.58,38.29,36.54,580218,462900948.0,4.67,-2.4,-0.9,9.67
2022-11-28,36.13,36.94,37.53,35.91,493645,389849415.24,4.43,0.98,0.36,8.23
2022-11-29,36.58,37.21,37.53,36.49,476000,378257592.34,2.82,0.73,0.27,7.93
2022-11-30,37.12,36.27,37.12,35.5,576681,445205477.9,4.35,-2.53,-0.94,9.61
2022-12-01,36.36,37.98,38.2,36.36,849639,679965699.7,5.07,4.71,1.71,14.16
2022-12-02,37.44,37.12,38.25,37.12,677339,545281270.31,2.98,-2.26,-0.86,11.29
2022-12-05,36.94,37.26,37.57,36.54,432132,342545930.9,2.77,0.38,0.14,7.2
2022-12-06,37.21,36.31,37.21,36.18,435839,340609115.5,2.76,-2.55,-0.95,7.26
2022-12-07,36.49,35.82,36.63,35.64,377533,291426006.46,2.73,-1.35,-0.49,6.29
2022-12-08,35.68,34.83,35.82,34.83,469503,353106454.0,2.76,-2.76,-0.99,7.82
2022-12-09,35.1,35.01,35.23,34.65,255208,191045806.5,1.67,0.52,0.18,4.25
2022-12-12,35.05,35.68,36.09,35.05,366240,279034366.0,2.97,1.91,0.67,6.1
2022-12-13,35.59,34.51,36.31,34.42,413836,310422250.8,5.3,-3.28,-1.17,6.9
2022-12-14,34.38,34.96,35.37,34.33,339713,253389939.0,3.01,1.3,0.45,5.66
2022-12-15,34.96,35.19,35.95,34.47,373248,282385454.49,4.23,0.66,0.23,6.22
2022-12-16,34.87,34.51,35.1,34.33,278873,206257362.6,2.19,-1.93,-0.68,4.65
2022-12-19,34.74,34.38,35.14,34.24,233132,172566366.0,2.61,-0.38,-0.13,3.89
2022-12-20,35.1,33.61,35.32,33.43,352793,257206564.8,5.5,-2.24,-0.77,5.88
2022-12-21,33.3,33.3,33.97,33.16,233768,166920519.5,2.41,-0.92,-0.31,3.9
2022-12-22,33.21,33.21,33.88,32.85,275776,196314317.6,3.09,-0.27,-0.09,4.6
2022-12-23,32.94,33.93,34.42,32.85,301446,217683133.4,4.73,2.17,0.72,5.02
2022-12-26,33.93,34.92,35.01,33.93,283536,210056472.35,3.18,2.92,0.99,4.73
2022-12-27,34.78,33.75,34.78,33.3,331084,239413013.0,4.24,-3.35,-1.17,5.52
2022-12-28,33.84,33.03,34.02,32.89,252749,179497862.7,3.35,-2.13,-0.72,4.21
2022-12-29,32.89,33.39,34.15,32.89,290982,208618523.8,3.81,1.09,0.36,4.85
2022-12-30,33.21,34.96,36.58,33.21,705334,530440904.22,10.09,4.7,1.57,11.75
2023-01-03,35.23,37.75,38.16,35.1,1008194,795463216.27,8.75,7.98,2.79,16.8
2023-01-04,37.39,37.8,38.47,36.67,968849,780343656.05,4.77,0.13,0.05,16.15
2023-01-05,37.48,37.08,37.8,36.99,552591,440988997.41,2.14,-1.9,-0.72,9.21
2023-01-06,36.9,37.17,38.02,36.85,481341,385833075.74,3.16,0.24,0.09,8.02
2023-01-09,37.53,39.15,39.37,36.99,965123,796613253.34,6.4,5.33,1.98,16.08
2023-01-10,38.83,38.16,38.88,37.71,557946,457291980.21,2.99,-2.53,-0.99,9.22
2023-01-11,37.75,36.94,38.07,36.67,469032,374461285.0,3.67,-3.2,-1.22,7.75
2023-01-12,36.99,36.45,37.26,36.22,329796,258702910.0,2.82,-1.33,-0.49,5.45
2023-01-13,36.49,36.27,36.67,35.73,239556,185111319.5,2.58,-0.49,-0.18,3.96
2023-01-16,36.45,37.89,38.07,36.36,534939,430792948.4,4.71,4.47,1.62,8.84
2023-01-17,37.57,36.81,37.8,36.67,337583,268424452.18,2.98,-2.85,-1.08,5.58
2023-01-18,36.72,40.36,40.36,36.49,648353,548967016.5,10.51,9.64,3.55,10.72
2023-01-19,42.3,41.89,44.28,41.4,1866996,1721236193.25,7.14,3.79,1.53,30.87
2023-01-20,40.63,41.31,43.6,40.63,1237104,1118734351.1,7.09,-1.38,-0.58,20.45
2023-01-30,42.03,42.3,42.93,41.04,980908,884456481.49,4.58,2.4,0.99,16.22
2023-01-31,38.25,38.2,40.32,38.2,1118119,929260728.58,5.01,-9.69,-4.1,18.49
2023-02-01,38.2,39.96,40.23,38.16,956352,806441486.74,5.42,4.61,1.76,15.81
2023-02-02,39.91,38.74,40.27,38.25,887506,743240986.92,5.06,-3.05,-1.22,14.67
2023-02-03,38.61,42.48,42.48,38.29,1417687,1254962574.14,10.82,9.65,3.74,23.44
2023-02-06,44.1,44.77,46.35,42.52,2288656,2174830952.39,9.02,5.39,2.29,37.84
2023-02-07,43.11,43.78,44.23,42.3,1319820,1235463955.76,4.31,-2.21,-0.99,21.82
2023-02-08,43.51,43.96,44.91,42.48,1144889,1078098852.57,5.55,0.41,0.18,18.93
2023-02-09,42.75,43.65,43.78,41.94,776922,721288504.2,4.19,-0.71,-0.31,12.85
2023-02-10,43.2,42.88,44.28,42.48,715462,667012520.1,4.12,-1.76,-0.77,11.83
2023-02-13,42.3,42.43,42.93,41.71,680236,617325212.82,2.85,-1.05,-0.45,11.25
2023-02-14,42.66,43.2,44.59,42.34,815205,761565201.24,5.3,1.81,0.77,13.48
2023-02-15,42.57,44.59,44.77,42.21,1076166,1013422639.86,5.93,3.22,1.39,17.79
2023-02-16,44.59,42.61,44.64,41.62,961260,897817641.6,6.77,-4.44,-1.98,15.89
2023-02-17,42.34,40.23,42.7,40.18,692261,609745000.13,5.91,-5.59,-2.38,11.45
2023-02-20,39.96,40.63,40.72,39.33,410266,353803156.28,3.46,0.99,0.4,6.78
2023-02-21,40.36,42.39,44.37,40.36,769516,704172319.06,9.87,4.33,1.76,12.72
2023-02-22,41.49,41.85,42.21,40.99,393764,352456165.0,2.88,-1.27,-0.54,6.51
2023-02-23,41.94,40.9,42.16,40.68,345467,305593353.53,3.54,-2.27,-0.95,5.71
2023-02-24,40.63,41.17,41.71,40.63,297374,263942538.9,2.64,0.66,0.27,4.92
2023-02-27,40.68,39.91,41.31,39.82,332714,288508694.29,3.62,-3.06,-1.26,5.5
2023-02-28,41.35,41.17,41.85,40.23,437036,385945871.52,4.06,3.16,1.26,7.23
2023-03-01,40.68,42.21,42.61,40.63,618039,557598590.12,4.81,2.53,1.04,10.22
2023-03-02,41.85,42.03,42.52,41.58,447500,404916113.26,2.23,-0.43,-0.18,7.4
2023-03-03,41.71,42.97,43.6,41.08,699391,639859514.88,6.0,2.24,0.94,11.56
2023-03-06,42.75,43.92,44.23,42.57,702180,658452421.52,3.86,2.21,0.95,11.61
2023-03-07,43.65,41.94,44.1,41.89,535567,492633519.39,5.03,-4.51,-1.98,8.85
2023-03-08,41.49,42.7,43.24,41.44,391673,359171996.7,4.29,1.81,0.76,6.48
2023-03-09,42.43,41.22,42.61,40.72,449448,400220815.76,4.43,-3.47,-1.48,7.43
2023-03-10,40.99,40.32,41.53,40.32,295723,259468643.61,2.94,-2.18,-0.9,4.89
2023-03-13,39.87,41.44,41.44,39.87,325404,284810717.62,3.89,2.78,1.12,5.38
2023-03-14,41.13,40.54,41.35,40.05,282938,247608897.16,3.14,-2.17,-0.9,4.68
2023-03-15,40.77,40.45,41.08,40.18,190557,166004483.33,2.22,-0.22,-0.09,3.15
2023-03-16,40.18,38.7,40.45,38.7,325166,274164450.55,4.33,-4.33,-1.75,5.38
2023-03-17,38.92,39.42,40.0,38.92,326173,276851533.51,2.79,1.86,0.72,5.39
2023-03-20,39.46,39.33,40.41,38.97,293656,249545974.2,3.65,-0.23,-0.09,4.86
2023-03-21,38.97,39.91,40.05,38.34,294311,249240460.2,4.35,1.47,0.58,4.87
2023-03-22,39.6,42.07,42.3,39.6,635814,563587889.11,6.77,5.41,2.16,10.51
2023-03-23,42.34,42.07,42.61,41.53,559311,505971566.39,2.57,0.0,0.0,9.25
2023-03-24,42.25,42.66,43.06,41.85,530746,484926781.12,2.88,1.4,0.59,8.78
2023-03-27,42.84,43.38,43.56,41.89,644228,594328696.66,3.91,1.69,0.72,10.65
2023-03-28,43.11,42.34,43.11,41.71,446200,407058589.0,3.23,-2.4,-1.04,7.38
2023-03-29,42.34,42.07,42.61,41.62,344144,312539396.0,2.34,-0.64,-0.27,5.69
2023-03-30,42.12,40.5,42.16,40.32,376564,331171567.0,4.37,-3.73,-1.57,6.23
2023-03-31,40.63,41.8,41.94,40.14,331538,293946118.0,4.44,3.21,1.3,5.48
2023-04-03,41.76,42.52,42.7,41.31,457004,414864003.6,3.33,1.72,0.72,7.56
2023-04-04,42.66,41.89,42.93,41.58,413489,375536462.6,3.17,-1.48,-0.63,6.84
2023-04-06,41.31,40.0,41.4,39.55,490900,424023843.56,4.42,-4.51,-1.89,8.12
2023-04-07,40.0,41.04,41.17,39.24,408070,355366313.0,4.83,2.6,1.04,6.75
2023-04-10,40.81,38.79,41.17,38.61,463926,392804256.0,6.24,-5.48,-2.25,7.67
2023-04-11,38.61,38.92,39.46,38.11,234923,195537902.01,3.48,0.34,0.13,3.88
2023-04-12,38.97,39.33,39.78,38.61,275994,232348539.1,3.01,1.05,0.41,4.56
2023-04-13,38.97,38.47,39.37,38.34,243510,202911160.54,2.62,-2.19,-0.86,4.03
2023-04-14,38.52,37.93,39.33,37.71,280698,230872219.4,4.21,-1.4,-0.54,4.64
2023-04-17,37.17,36.09,37.17,34.78,355065,273369835.0,6.3,-4.85,-1.84,5.87
2023-04-18,36.22,35.82,36.4,35.5,206616,158639595.23,2.49,-0.75,-0.27,3.42
2023-04-19,35.82,35.95,36.76,35.64,222783,173326466.31,3.13,0.36,0.13,3.68
2023-04-20,35.82,36.36,36.45,35.73,190398,147227660.0,2.0,1.14,0.41,3.15
2023-04-21,36.0,33.66,36.0,33.61,401877,295549420.0,6.57,-7.43,-2.7,6.64
2023-04-24,33.66,33.43,34.02,33.16,164504,117630357.88,2.55,-0.68,-0.23,2.72
2023-04-25,33.48,32.58,33.57,32.17,207339,144576254.0,4.19,-2.54,-0.85,3.43
2023-04-26,32.49,32.17,32.98,31.86,191238,131990771.65,3.44,-1.26,-0.41,3.16
2023-04-27,32.13,31.45,32.44,31.23,181183,122744803.79,3.76,-2.24,-0.72,3.0
2023-04-28,31.45,32.98,33.03,31.45,213147,147675522.88,5.02,4.86,1.53,3.52
2023-05-04,32.8,32.71,33.21,31.95,209817,144842840.75,3.82,-0.82,-0.27,3.47
2023-05-05,32.71,33.16,33.25,32.22,236286,165728739.0,3.15,1.38,0.45,3.91
2023-05-08,33.39,34.6,34.6,32.89,238063,169886700.0,5.16,4.34,1.44,3.94
2023-05-09,34.92,34.06,35.1,33.39,367189,266379849.5,4.94,-1.56,-0.54,6.07
2023-05-10,33.61,33.93,34.29,33.43,189907,137134303.0,2.52,-0.38,-0.13,3.14
2023-05-11,33.66,34.2,34.24,33.39,164520,118750177.0,2.51,0.8,0.27,2.72
2023-05-12,33.43,33.07,34.02,32.8,208932,148855949.0,3.57,-3.3,-1.13,3.45
2023-05-15,32.76,33.25,33.3,32.22,167048,116648127.3,3.27,0.54,0.18,2.76
2023-05-16,32.94,32.31,33.16,32.26,127392,88337005.83,2.71,-2.83,-0.94,2.11
2023-05-17,32.31,32.76,32.89,32.08,122046,84989984.76,2.51,1.39,0.45,2.02
2023-05-18,32.62,33.07,33.21,32.49,146603,102967921.0,2.2,0.95,0.31,2.42
2023-05-19,32.85,32.53,32.98,32.13,127920,88627865.0,2.57,-1.63,-0.54,2.11
2023-05-22,32.35,32.13,32.44,31.95,121618,83173578.98,1.51,-1.23,-0.4,2.01
2023-05-23,32.08,31.63,32.17,31.59,101225,68587844.2,1.81,-1.56,-0.5,1.67
2023-05-24,31.5,31.63,32.04,31.32,97012,65395871.1,2.28,0.0,0.0,1.6
2023-05-25,31.59,31.36,32.08,30.96,122119,81437110.0,3.54,-0.85,-0.27,2.02
2023-05-26,31.63,33.21,33.25,31.18,332298,230143137.63,6.6,5.9,1.85,5.49
2023-05-29,33.21,33.48,34.02,33.03,250565,179288215.0,2.98,0.81,0.27,4.14
2023-05-30,33.21,33.75,33.75,32.8,180746,128634514.0,2.84,0.81,0.27,2.99
2023-05-31,33.79,34.15,34.56,33.79,211961,154568647.0,2.28,1.19,0.4,3.5
2023-06-01,33.84,34.65,34.78,33.75,236710,173897166.7,3.02,1.46,0.5,3.91
2023-06-02,34.65,34.51,34.87,34.29,167179,123188152.8,1.67,-0.4,-0.14,2.76
2023-06-05,34.2,34.65,34.83,34.2,146924,108451363.34,1.83,0.41,0.14,2.43
2023-06-06,34.51,33.84,34.69,33.66,150592,109713325.5,2.97,-2.34,-0.81,2.49
2023-06-07,33.75,35.32,35.73,33.48,334536,248921580.1,6.65,4.37,1.48,5.53
2023-06-08,35.5,35.14,35.82,34.69,234967,176590856.5,3.2,-0.51,-0.18,3.88
2023-06-09,35.05,35.01,35.32,34.56,156904,117098339.5,2.16,-0.37,-0.13,2.59
2023-06-12,34.92,35.14,35.41,34.69,157202,118190537.0,2.06,0.37,0.13,2.6
2023-06-13,35.14,34.24,37.3,33.88,681702,507800820.27,9.73,-2.56,-0.9,11.27
2023-06-14,34.29,33.93,34.74,33.79,333401,243372899.23,2.77,-0.91,-0.31,5.51
2023-06-15,34.38,33.79,34.87,33.7,270895,197117056.28,3.45,-0.41,-0.14,4.48
2023-06-16,33.61,34.33,34.6,32.98,297587,216624482.0,4.79,1.6,0.54,4.92
2023-06-19,34.33,34.69,34.96,34.11,216807,160339939.0,2.48,1.05,0.36,3.58
2023-06-20,34.65,34.78,34.96,34.29,187204,138619137.0,1.93,0.26,0.09,3.1
2023-06-21,34.65,33.39,34.87,33.39,226166,163522649.48,4.26,-4.0,-1.39,3.74
2023-06-26,32.94,31.59,33.3,31.5,220689,151059152.0,5.39,-5.39,-1.8,3.65
2023-06-27,31.63,31.95,32.26,31.59,125442,85164444.5,2.12,1.14,0.36,2.07
2023-06-28,31.99,31.14,31.99,30.33,196324,128744451.2,5.2,-2.54,-0.81,3.25
2023-06-29,31.05,31.81,32.22,30.96,205064,138461018.1,4.05,2.15,0.67,3.39
2023-06-30,31.63,32.26,32.4,31.5,151283,102964826.0,2.83,1.41,0.45,2.5
2023-07-03,32.49,32.17,32.58,31.59,141767,96812962.01,3.07,-0.28,-0.09,2.34
2023-07-04,32.04,32.71,32.94,31.95,147459,101823809.53,3.08,1.68,0.54,2.44
2023-07-05,32.58,32.26,33.34,32.22,154365,107764148.34,3.42,-1.38,-0.45,2.55
2023-07-06,32.08,32.08,32.71,31.99,103491,71172629.5,2.23,-0.56,-0.18,1.71
2023-07-07,31.81,31.5,32.04,31.27,116988,78659699.5,2.4,-1.81,-0.58,1.93
2023-07-10,31.5,31.18,31.63,31.14,96292,64092958.0,1.56,-1.02,-0.32,1.59
2023-07-11,31.23,31.41,31.5,31.09,81000,53904035.0,1.31,0.74,0.23,1.34
2023-07-12,31.36,30.51,31.36,30.46,135622,88833675.0,2.87,-2.87,-0.9,2.24
2023-07-13,30.64,30.87,31.09,30.51,92728,60706081.56,1.9,1.18,0.36,1.53
2023-07-14,30.91,31.99,32.58,30.91,271397,184567871.0,5.41,3.63,1.12,4.49
2023-07-17,31.72,31.9,32.13,31.41,149672,101187993.0,2.25,-0.28,-0.09,2.47
2023-07-18,31.81,31.27,31.9,31.14,121985,81420712.0,2.38,-1.97,-0.63,2.02
2023-07-19,31.23,31.41,31.54,31.09,84453,56254164.5,1.44,0.45,0.14,1.4
2023-07-20,31.5,30.82,31.5,30.69,99705,65743611.0,2.58,-1.88,-0.59,1.65
2023-07-21,30.69,30.69,31.0,30.6,62318,40723187.5,1.3,-0.42,-0.13,1.03
2023-07-24,30.51,30.82,31.05,30.46,54757,35845161.0,1.92,0.42,0.13,0.91
2023-07-25,31.05,31.36,31.36,30.91,93468,61983312.67,1.46,1.75,0.54,1.55
2023-07-26,31.27,30.87,31.32,30.78,82596,54308566.26,1.72,-1.56,-0.49,1.37
2023-07-27,30.87,30.55,30.96,30.51,66778,43525057.0,1.46,-1.04,-0.32,1.1
2023-07-28,30.46,30.87,31.05,30.1,91025,59103888.0,3.11,1.05,0.32,1.5
2023-07-31,30.87,31.14,31.23,30.78,81203,53680411.0,1.46,0.87,0.27,1.34
2023-08-01,31.14,31.14,31.23,30.87,68350,45106351.0,1.16,0.0,0.0,1.13
2023-08-02,31.09,31.32,31.41,30.91,79958,53117524.17,1.61,0.58,0.18,1.32
2023-08-03,31.27,31.45,31.45,31.14,78025,51975340.0,0.99,0.42,0.13,1.29
2023-08-04,31.45,32.44,32.53,31.41,269796,185040955.75,3.56,3.15,0.99,4.46
2023-08-07,32.17,32.44,32.58,32.04,165875,114417208.0,1.66,0.0,0.0,2.74
2023-08-08,32.62,32.4,32.67,32.26,90016,62157392.0,1.26,-0.12,-0.04,1.49
2023-08-09,32.26,32.49,33.07,32.22,149895,104564010.0,2.62,0.28,0.09,2.48
2023-08-10,32.49,32.35,32.85,32.08,100575,69468769.52,2.37,-0.43,-0.14,1.66
2023-08-11,32.35,32.58,33.39,32.35,241172,168907764.5,3.21,0.71,0.23,3.99
2023-08-14,32.08,33.07,33.16,31.81,210909,146301250.0,4.14,1.5,0.49,3.49
2023-08-15,33.16,32.62,33.3,32.22,159958,111182865.0,3.27,-1.36,-0.45,2.64
2023-08-16,32.44,31.9,32.49,31.59,146471,99806387.5,2.76,-2.21,-0.72,2.42
2023-08-17,31.9,32.31,32.35,31.36,122802,83755285.45,3.1,1.29,0.41,2.03
2023-08-18,32.17,31.0,32.49,31.0,151085,101624100.0,4.61,-4.05,-1.31,2.5
2023-08-21,30.87,31.54,32.94,30.78,167939,114108395.26,6.97,1.74,0.54,2.78
2023-08-22,31.59,32.4,32.58,31.59,192525,131819865.98,3.14,2.73,0.86,3.18
2023-08-23,32.31,32.04,32.67,31.99,163803,112906647.0,2.1,-1.11,-0.36,2.71
2023-08-24,32.04,33.39,34.02,31.45,464570,326837901.27,8.02,4.21,1.35,7.68
2023-08-25,32.62,31.32,33.16,31.18,352582,242108392.61,5.93,-6.2,-2.07,5.83
2023-08-28,32.53,31.68,33.03,31.41,239775,163274485.2,5.17,1.15,0.36,3.96
2023-08-29,31.72,32.4,32.49,31.18,212965,145574546.19,4.14,2.27,0.72,3.52
2023-08-30,32.35,32.8,32.98,32.04,259780,180539211.86,2.9,1.23,0.4,4.3
2023-08-31,32.58,32.22,32.62,32.08,149527,102786108.29,1.65,-1.77,-0.58,2.47
2023-09-01,32.22,31.72,32.35,31.5,134592,91004702.69,2.64,-1.55,-0.5,2.23
2023-09-04,31.81,32.08,32.13,31.5,110260,74600804.9,1.99,1.13,0.36,1.82
2023-09-05,31.95,31.54,31.95,31.5,112558,75863055.5,1.4,-1.68,-0.54,1.86
2023-09-06,31.41,33.75,34.56,30.91,737214,527544300.22,11.57,7.01,2.21,12.19
2023-09-07,33.61,33.16,34.15,33.07,465724,332714059.37,3.2,-1.75,-0.59,7.7
2023-09-08,33.12,36.36,36.36,32.76,762091,572130736.66,10.86,9.65,3.2,12.6
2023-09-11,39.87,39.87,39.87,39.87,134866,115445347.36,0.0,9.65,3.51,2.23
2023-09-12,43.15,39.96,43.15,39.87,2406773,2175840257.6,8.23,0.23,0.09,39.79
2023-09-13,37.57,37.84,39.73,37.35,1520244,1244068271.04,5.96,-5.31,-2.12,25.13
2023-09-14,36.67,35.59,36.76,35.01,1220024,938445369.16,4.62,-5.95,-2.25,20.17
2023-09-15,35.5,34.15,35.73,34.06,759861,558854965.63,4.69,-4.05,-1.44,12.56
2023-09-18,34.02,34.51,35.14,34.02,626979,464123366.62,3.28,1.05,0.36,10.37
2023-09-19,34.51,37.84,37.84,33.52,1232405,959772951.69,12.52,9.65,3.33,20.38
2023-09-20,37.84,39.1,40.68,37.84,1974859,1665439098.55,7.51,3.33,1.26,32.65
2023-09-21,38.92,42.88,42.88,38.92,1810962,1640856532.17,10.13,9.67,3.78,29.94
2023-09-22,43.2,40.5,43.83,39.73,2208360,1961716969.4,9.56,-5.55,-2.38,36.51
2023-09-25,39.73,44.41,44.41,39.73,2136862,1940833703.22,11.56,9.65,3.91,35.33
2023-09-26,40.99,41.67,44.28,40.95,1854601,1684736624.73,7.5,-6.17,-2.74,30.66
2023-09-27,40.54,45.72,45.72,39.78,2377272,2272638861.63,14.25,9.72,4.05,39.3
2023-09-28,45.27,50.17,50.17,43.33,2289944,2326534119.05,14.96,9.73,4.45,37.86
2023-10-09,51.75,55.08,55.08,51.75,1442219,1686643258.44,6.64,9.79,4.91,23.84
2023-10-10,56.97,51.79,60.3,51.75,2743416,3311898713.23,15.52,-5.97,-3.29,45.36
